name,rarity,phash
不夜の薔薇,5,0b0abe94fefcf566
ムーンライト・フェスト,5,d77118b930b8ffef
トリック・オア・トリート,3,9df0ccbc30d3e4d5
ハロウィン・プリンセス,5,e9b80e24de74f4f4
ぐだお,5,dc0d0390621d9420
ホーリーナイト・サイン,5,a9e8c04e4eca7672
ピュアリー・ブルーム,5,f41b3a25f09206e6
アルトリアの星,5,adb2d1ba32537c6d
メルティ・スイートハート,5,0ee3124c79748d4c
首切りバニー2016,5,7c3c436191c1b54c
三重結界,5,f89d380ba7726927
カルデアの顕学,5,38232f0199f7407c
カルデアを導く乙女,5,935accb69366aff2
慈悲無き者,5,a623811fecf1298c
至るべき場所,5,ccf9c0429e2f4a96
遮那王流離譚,5,0a4771f9938e8c0c
ゴールデン捕鯉魚図,5,cbdf0539a22c7aba
風雲仙姫,5,56d998b64068cd76
九首牛魔羅王,5,19d59587b196813a
ゴールデン相撲～岩場所～,5,f362319f4b6bcb8b
月の湯治,5,a57c1a0f75926eb0
サマータイム・ミストレス,5,2f1aeee6c814d6ec
カルデア・ライフセーバーズ,5,e160f2f3e21efe76
カレイドサファイア,4,96e9e3846bfc1063
カレイドルビー,4,6178ceeed634f1ab
概念礼装EXPカード：マジカルルビー,3,3ee132a57a6d729d
ジョイント・リサイタル,5,e38832f6b17b1db2
勇者エリちゃんの冒険,5,9af7e1021f5b5980
ウィザード＆プリースト,4,a9a3610ccaea72fe
マタ・ハリの酒場,3,3d65f0c693926edb
スイート・クリスタル,5,f97ec69cf6e76cde
聖夜の晩餐,5,6b4ab4e3d9a61996
フォンダン・オ・ショコラ,5,8e3473c386078078
日輪の城,5,157105cdc9eeebf3
壬生狼,5,e0261a369f076122
いつかの夏,5,42299b518d2529b4
シーサイド・ラグジュアリー,5,1787297a9cf8d9fe
ダイブ・トゥ・ブルー,5,2b17d8e23dd97453
チア・フォー・マスター,5,9963709e944be3b1
エアリアル・ドライブ,5,bc86d368aad144e4
黄金の翼,4,61e29d2df2d76bb7
ノスタルジック・フォーム,3,a5933f4163006952
メリー・シープ,5,690ae169db925e73
スイート・デイズ,5,0382eee6d7fdf9fe
トゥリファスにて,5,c0199fe61b7ca64e
城塞の午後,5,0a1dd97266339140
白い服の水兵さん,5,923824193d8b9d2d
ペインティング・サマー,5,7776c4192c26ff73
レディ・フォクシー,5,95fac2f7bfb442ce
ウォーター・シャイン,5,777c930f46c3dc4d
リターン・マッチ,5,88bb085eb44bd286
C・K・T,5,6cc9886271626336
ロイヤル・アイシング,5,b6951667a6b90864
スリー・アングラー,5,fd872466f861796b
氷結闘熊,5,d1dced638e32dd2e
聖女の教示,5,2a067dcd4909b27b
銀雪の女神たち,5,32f6d67adf51c4ac
ビューティフル・ドリーマー,5,ba376d42d90a0152
錦上添花,5,07f01e06310ea172
次期当主会議,5,4887d7a5b5780f12
腹が減っては戦ができぬ,5,9ded991269d7ec1c
天鬼姫,5,09e0e89ef69ce7ec
盛夏の思い出,5,4fc4957d7df2e27d
シーニック・ビューティー,5,1b79c9ca1953c136
双つ星の歌姫,5,a1f8acadba8f66cc
ベスティア・デル・ソル,5,d238c76e84633cce
クリスマスの軌跡,5,8d34a0fcd5c4f7d8
ニット・ザ・ラブ,5,cfcc6cfafe69a7fa
見上げた空の星に,5,872899e2f9529df5
概念礼装EXPカード：おき太,3,e10997441e7f77f0
概念礼装EXPカード：ノッブ,4,3e27cc2ba1380d46
概念礼装EXPカード：謎の物質α,4,bc5d99130d024142
概念礼装EXPカード：謎の物質β,3,ee5d353b528528c3
概念礼装EXPカード：九字兼定,3,dbe1c30b969428db
概念礼装EXPカード：刻印虫,3,a163e6ca66dadbf1
概念礼装EXPカード：ぐだぐだ明治維新,4,d70cb5336cf2e3f8
概念礼装EXPカード：ぐだぐだウェルカム,3,ce6565f909c69566
概念礼装EXPカード：ＢＢショット！,4,625e2a05f3c85738
概念礼装EXPカード：宇宙犬,4,4f629c3efde6a192
概念礼装EXPカード：フランの花,4,4647c7a19930efe5
概念礼装EXPカード：ぐだぐだまじんさん,4,465358ae99524f26
概念礼装EXPカード：ぐだぐだ土佐同盟,3,44570f866c6fe22a
概念礼装EXPカード：ドルセント・ショップ,4,3ce3cbd2b0323953
概念礼装EXPカード：猪王,4,7261b137c9c58836
概念礼装EXPカード：ぐだぐだ天魔王×３,4,5a03e4f2195eac73
概念礼装EXPカード：毘沙門天ぞ是にあり！,3,045bfac47960143e
概念礼装EXPカード：はじめてのカレー,4,3f00f85e67aea3a2
概念礼装EXPカード：謎の物質γ,3,89f4cc1c9e3e35e9
概念礼装EXPカード：窮鼠,4,694287995a63e689
